NAME,WT Seq,WT length,WT SCD,Phosphorylated Seq,Phos length,Phos SCD
coilin,GVAENSVVISNGDINLSLRKAKKRAFQLEEGEETEPDCKYSKKHWKSRENNNNNEKVLDLEPKAVTDQTVSKKNKRKNKATCGTVGDDNEEAKRKSPKKKEKCEYKKKAKNPKSPKVQAVKDWANQRCSSPKGSARNSLVKAKRKGSVSVCSKESPSSSSESESCDESISDGPSKVTLEARNSSEKLPTELSKEEPSTKNTTADKLAIKLGFSLTPSKGKTSGTTSSSSDSSAESDDQCLMSSSTPECAAGFLKTVGLFAGRGRPGPGLSSQTAGAAGWRRSGSNGGGQAPGASPSVSLPASLGRGWGREENLFSWKGAKGRGMRGRGRGRGHPVSC,337,6.82900636,GVAENSVVISNGDINLXLRKAKKRAFQLEEGEEXEPDCKYSKKHWKSRENNNNNEKVLDLEPKAVTDQTVSKKNKRKNKATCGTVGDDNEEAKRKSPKKKEKCEYKKKAKNPKSPKVQAVKDWANQRCSSPKGSARNSLVKAKRKGSVSVCSKESPSSSSESESCDESISDGPSKVTLEARNSSEKLPTELSKEEPSTKNTTADKLAIKLGFSLXPSKGKTSGTTSSSSDSSAESDDQCLMSSSTPECAAGFLKTVGLFAGRGRPGPGLSSQTAGAAGWRRSGSNGGGQAPGASPSVSLPASLGRGWGREENLFSWKGAKGRGMRGRGRGRGHPVSC,337,2.371625291
nucleolin,MVKLAKAGKNQGDPKKMAPPPKEVEEDSEDEEMSEDEEDDSSGEEVVIPQKKGKKAAATSAKKVVVSPTKKVAVATPAKKAAVTPGKKAAATPAKKTVTPAKAVTTPGKKGATPGKALVATPGKKGAAIPAKGAKNGKNAKKEDSDEEEDDDSEEDEEDDEDEDEDEDEIEPAAMKAAAAAPASEDEDDEDDEDDEDDDDDEEDDSEEEAMETTPAKGKKAAKVVPVKAKNVAEDEDEEEDDEDEDDDDDEDDEDDDDEDDEEEEEEEEEEPVKEAPGKRKKEMAKQKAAPEAKKQKVEG,300,27.72790742,MVKLAKAGKNQGDPKKMAPPPKEVEEDSEDEEMSEDEEDDSSGEEVVIPQKKGKKAAATXAKKVVVXPTKKVAVAXPAKKAAVXPGKKAAAXPAKKTVXPAKAVTXPGKKGAXPGKALVAXPGKKGAAIPAKGAKNGKNAKKEDSDEEEDDDSEEDEEDDEDEDEDEDEIEPAAMKAAAAAPASEDEDDEDDEDDEDDDDDEEDDSEEEAMETXPAKGKKAAKVVPVKAKNVAEDEDEEEDDEDEDDDDDEDDEDDDDEDDEEEEEEEEEEPVKEAPGKRKKEMAKQKAAPEAKKQKVEG,300,77.48931765
nucleophosmin,ESEDEEEEDVKLLSISGKRSAPGGGSKVPQKKVKLAADEDDDDDDEEDDDEDDDDDDFDDEEAEEKAPVKKSIRDTPAKNAQKSNQNGKDSKPSSTPRSKGQESFKKQEKTPKTPK,116,-3.380468259,EXEDEEEEDVKLLSISGKRSAPGGGSKVPQKKVKLAADEDDDDDDEEDDDEDDDDDDFDDEEAEEKAPVKKSIRDXPAKNAQKSNQNGKDSKPSSXPRSKGQESFKKQEKXPKXPK,116,10.22717921
NUP53,MAAFAVEPQGPALGSEPMMLGSPTSPKPGVNAQFLPGFLMGDLPAPVTPQPRSISGPSVGVMEMRSPLLAGGSPPQPVVPAHKDKSGAPPVRSIYDDISSPGLGSTPLTSRRQPNISVMQSPLVGVTSTPGTGQSMFSPASIGQPRKTTLS,151,-0.229029906,MAAFAVEPQGPALGSEPMMLGXPTXPKPGVNAQFLPGFLMGDLPAPVXPQPRSISGPSVGVMEMRXPLLAGGXPPQPVVPAHKDKSGAPPVRSIYDDISXPGLGSXPLTSRRQPNISVMQXPLVGVTSXPGTGQSMFXPASIGQPRKTTLX,151,7.495078971
53BP1,MDPTGSQLDSDFSQQDTPCLIIEDSQPESQVLEDDSGSHFSMLSRHLPNLQTHKENPVLDVVSNPEQTAGEERGDGNSGFNEHLKENKVADPVDSSNLDTCGSISQVIEQLPQPNRTSSVLGMSVESAPAVEEEKGEELEQKEKEKEEDTSGNTTHSLGAEDTASSQLGFGVLELSQSQDVEENTVPYEVDKEQLQSVTTNSGYTRLSDVDANTAIKHEEQSNEDIPIAEQSSKDIPVTAQPSKDVHVVKEQNPPPARSEDMPFSPKASVAAMEAKEQLSAQELMESGLQIQKSPEPEVLSTQEDLFDQSNKTVSSDGCSTPSREEGGCSLASTPATTLHLLQLSGQRSLVQDSLSTNSSDLVAPSPDAFRSTPFIVPSSPTEQEGRQDKPMDTSVLSEEGGEPFQKKLQSGEPVELENPPLLPESTVSPQASTPISQSTPVFPPGSLPIPSQPQFSHDIFIPSPSLEEQSNDGKKDGDMHSSSLTVECSKTSEIEPKNSPEDLGLSLTGDSCKLMLSTSEYSQSPKMESLSSHRIDEDGENTQIEDTEPMSPVLNSKFVPAENDSILMNPAQDGEVQLSQNDDKTKGDDTDTRDDISILATGCKGREETVAEDVCIDLTCDSGSQAVPSPATRSEALSSVLDQEEAMEIKEHHPEEGSSGSEVEEIPETPCESQGEELKEENMESVPLHLSLTETQSQGLCLQKEMPKKECSEAMEVETSVISIDSPQKLAILDQELEHKEQEAWEEATSEDSSVVIVDVKEPSPRVDVSCEPLEGVEKCSDSQSWEDIAPEIEPCAENRLDTKEEKSVEYEGDLKSGTAETEPVEQDSSQPSLPLVRADDPLRLDQELQQPQTQEKTSNSLTEDSKMANAKQLSSDAEAQKLGKPSAHASQSFCESSSETPFHFTLPKEGDIIPPLTGATPPLIGHLKLEPKRHSTPIGISNYPESTIATSDVMSESMVETHDPILGSGKGDSGAAPDVDDKLCLRMKLVSPETEASEESLQFNLEKPATGERKNGSTAVAESVASPQKTMSVLSCICEARQENEARSEDPPTTPIRGNLLHFPSSQGEEEKEKLEGDHTIRQSQQPMKPISPVKDPVSPASQKMVIQGPSSPQGEAMVTDVLEDQKEGRSTNKENPSKALIERPSQNNIGIQTMECSLRVPETVSAATQTIKNVCEQGTSTVDQNFGKQDATVQTERGSGEKPVSAPGDDTESLHSQGEEEFDMPQPPHGHVLHRHMRTIREVRTLVTRVITDVYYVDGTEVERKVTEETEEPIVECQECETEVSPSQTGGSSGDLGDISSFSSKASSLHRTSSGTSLSAMHSSGSSGKGAGPLRGKTSGTEPADFALPSSRGGPGKLSPRKGVSQTGTPVCEEDGDAGLGIRQGGKAPVTPRGRGRRGRPPSRTTGTRETAVPGPLGIEDISPNLSPDDKSFSRVVPRVPDSTRRTDVGAGALRRSDSPEIPFQAAAGPSDGLDASSPGN,1484,124.6315438,MDPTGSQLDSDFSQQDTPCLIIEDSQPESQVLEDDSGSHFSMLSRHLPNLQTHKENPVLDVVSNPEQTAGEERGDGNSGFNEHLKENKVADPVDSSNLDTCGSISQVIEQLPQPNRTSSVLGMSVESAPAVEEEKGEELEQKEKEKEEDTSGNTTHSLGAEDTASSQLGFGVLELSQSQDVEENTVPYEVDKEQLQSVTTNSGYTRLSDVDANTAIKHEEQSNEDIPIAEQSSKDIPVTAQPSKDVHVVKEQNPPPARSEDMPFXPKASVAAMEAKEQLSAQELMESGLQIQKXPEPEVLSTQEDLFDQSNKTVSSDGCSTPSREEGGCSLASTPATTLHLLQLSGQRSLVQDSLSTNSSDLVAPXPDAFRSTPFIVPSXPTEQEGRQDKPMDTSVLSEEGGEPFQKKLQSGEPVELENPPLLPESTVXPQASTPISQSTPVFPPGSLPIPSQPQFSHDIFIPXPSLEEQSNDGKKDGDMHSSSLTVECSKTSEIEPKNXPEDLGLSLTGDSCKLMLSTSEYSQXPKMESLSSHRIDEDGENTQIEDTEPMXPVLNSKFVPAENDSILMNPAQDGEVQLSQNDDKTKGDDTDTRDDISILATGCKGREETVAEDVCIDLTCDSGSQAVPXPATRSEALSSVLDQEEAMEIKEHHPEEGSSGSEVEEIPETPCESQGEELKEENMESVPLHLSLTETQSQGLCLQKEMPKKECSEAMEVETSVISIDXPQKLAILDQELEHKEQEAWEEATSEDSSVVIVDVKEPSPRVDVSCEPLEGVEKCSDSQSWEDIAPEIEPCAENRLDTKEEKXVEYEGDLKSGTAETEPVEQDSSQPSLPLVRADDPLRLDQELQQPQTQEKTSNXLTEDSKMANAKQLSSDAEAQKLGKPSAHASQSFCESSSETPFHFTLPKEGDIIPPLTGAXPPLIGHLKLEPKRHSTPIGISNYPESTIATSDVMSESMVETHDPILGSGKGDXGAAPDVDDKLCLRMKLVXPETEAXEESLQFNLEKPATGERKNGSTAVAESVAXPQKTMSVLSCICEARQENEARSEDPPTXPIRGNLLHFPSSQGEEEKEKLEGDHTIRQSQQPMKPIXPVKDPVXPASQKMVIQGPSXPQGEAMVTDVLEDQKEGRSTNKENPSKALIERPSQNNIGIQTMECSLRVPETVSAATQTIKNVCEQGTSTVDQNFGKQDATVQTERGSGEKPVSAPGDDTESLHSQGEEEFDMPQPPHGHVLHRHMRTIREVRTLVTRVITDVYYVDGTEVERKVTEETEEPIVECQECETEVSPSQTGGSSGDLGDISSFSSKASSLHRTSSGTSLSAMHSSGSSGKGAGPLRGKTSGTEPADFALPSSRGGPGKLXPRKGVSQTGXPVCEEDGDAGLGIRQGGKAPVTPRGRGRRGRPPSRTTGTRETAVPGPLGIEDIXPNLXPDDKSFSRVVPRVPDSTRRTDVGAGALRRSDXPEIPFQAAAGPSDGLDASSPGN,1484,249.4692762
KI-67,SLQNGRKSTEFPRKIREQEPARRVSRSSFSSDPDEKAQDSKAYSKITEGKVSGNPQVHIKNVKEDSTADDSKDSVAQGTTNVHSSEHAGRNGRNAADPISGDFKEISSVKLVSRYGELKSVPTTQCLDNSKKNESPFWKLYESVKKELDVKSQKENVLQYCRKSGLQTDYATEKESADGLQGETQLLVSRKSRPKSGGSGHAVAEPASPEQELDQNKGKGRDVESVQTPSKAVGASFPLYEPAKMKTPVQYSQQQNSPQKHKNKDLYTTGRRESVNLGKSEGFKAGDKTLTPRKLSTRNRTPAKVEDAADSATKPENLSSKTRGSIPTDVEVLPTETEIHNEPFLTLWLTQVERKIQKDSLSKPEKLGTTAGQMCSGLPGLSSVDINNFGDSINESEGIPLKRRRVSFGGHLRPELFDENLPPNTPLKRGEAPTKRKSLVMHTPPVLKKIIKEQPQPSGKQESGSEIHVEVKAQSLVISPPAPSPRKTPVASDQRRRSCKTAPASSSKSQTEVPKRGGRKSGNLPSKRVSISRSQHDILQMICSKRRSGASEANLIVAKSWADVVKLGAKQTQTKVIKHGPQRSMNKRQRRPATPKKPVGEVHSQFSTGHANSPCTIIIGKAHTEKVHVPARPYRVLNNFISNQKMDFKEDLSGIAEMFKTPVKEQPQLTSTCHIAISNSENLLGKQFQGTDSGEEPLLPTSESFGGNVFFSAQNAAKQPSDKCSASPPLRRQCIRENGNVAKTPRNTYKMTSLETKTSDTETEPSKTVSTANRSGRSTEFRNIQKLPVESKSEETNTEIVECILKRGQKATLLQQRREGEMKEIERPFETYKENIELKENDEKMKAMKRSRTWGQKCAPMSDLTDLKSLPDTELMKDTARGQNLLQTQDHAKAPKSEKGKITKMPCQSLQPEPINTPTHTKQQLKASLGKVGVKEELLAVGKFTRTSGETTHTHREPAGDGKSIRTFKESPKQILDPAARVTGMKKWPRTPKEEAQSLEDLAGFKELFQTPGPSEESMTDEKTTKIACKSPPPESVDTPTSTKQWPKRSLRKADVEEEFLALRKLTPSAGKAMLTPKPAGGDEKDIKAFMGTPVQKLDLAGTLPGSKRQLQTPKEKAQALEDLAGFKELFQTPGHTEELVAAGKTTKIPCDSPQSDPVDTPTSTKQRPKRSIRKADVEGELLACRNLMPSAGKAMHTPKPSVGEEKDIIIFVGTPVQKLDLTENLTGSKRRPQTPKEEAQALEDLTGFKELFQTPGHTEEAVAAGKTTKMPCESSPPESADTPTSTRRQPKTPLEKRDVQKELSALKKLTQTSGETTHTDKVPGGEDKSINAFRETAKQKLDPAASVTGSKRHPKTKEKAQPLEDLAGLKELFQTPVCTDKPTTHEKTTKIACRSQPDPVDTPTSSKPQSKRSLRKVDVEEEFFALRKRTPSAGKAMHTPKPAVSGEKNIYAFMGTPVQKLDLTENLTGSKRRLQTPKEKAQALEDLAGFKELFQTRGHTEESMTNDKTAKVACKSSQPDPDKNPASSKRRLKTSLGKVGVKEELLAVGKLTQTSGETTHTHTEPTGDGKSMKAFMESPKQILDSAASLTGSKRQLRTPKGKSEVPEDLAGFIELFQTPSHTKESMTNEKTTKVSYRASQPDLVDTPTSSKPQPKRSLRKADTEEEFLAFRKQTPSAGKAMHTPKPAVGEEKDINTFLGTPVQKLDQPGNLPGSNRRLQTRKEKAQALEELTGFRELFQTPCTDNPTTDEKTTKKILCKSPQSDPADTPTNTKQRPKRSLKKADVEEEFLAFRKLTPSAGKAMHTPKAAVGEEKDINTFVGTPVEKLDLLGNLPGSKRRPQTPKEKAKALEDLAGFKELFQTPGHTEESMTDDKITEVSCKSPQPDPVKTPTSSKQRLKISLGKVGVKEEVLPVGKLTQTSGKTTQTHRETAGDGKSIKAFKESAKQMLDPANYGTGMERWPRTPKEEAQSLEDLAGFKELFQTPDHTEESTTDDKTTKIACKSPPPESMDTPTSTRRRPKTPLGKRDIVEELSALKQLTQTTHTDKVPGDEDKGINVFRETAKQKLDPAASVTGSKRQPRTPKGKAQPLEDLAGLKELFQTPICTDKPTTHEKTTKIACRSPQPDPVGTPTIFKPQSKRSLRKADVEEESLALRKRTPSVGKAMDTPKPAGGDEKDMKAFMGTPVQKLDLPGNLPGSKRWPQTPKEKAQALEDLAGFKELFQTPGTDKPTTDEKTTKIACKSPQPDPVDTPASTKQRPKRNLRKADVEEEFLALRKRTPSAGKAMDTPKPAVSDEKNINTFVETPVQKLDLLGNLPGSKRQPQTPKEKAEALEDLVGFKELFQTPGHTEESMTDDKITEVSCKSPQPESFKTSRSSKQRLKIPLVKVDMKEEPLAVSKLTRTSGETTQTHTEPTGDSKSIKAFKESPKQILDPAASVTGSRRQLRTRKEKARALEDLVDFKELFSAPGHTEESMTIDKNTKIPCKSPPPELTDTATSTKRCPKTRPRKEVKEELSAVERLTQTSGQSTHTHKEPASGDEGIKVLKQRAKKKPNPVEEEPSRRRPRAPKEKAQPLEDLAGFTELSETSGHTQESLTAGKATKIPCESPPLEVVDTTASTKRHLRTRVQKVQVKEEPSAVKFTQTSGETTDADKEPAGEDKGIKALKESAKQTPAPAASVTGSRRRPRAPRESAQAIEDLAGFKDPAAGHTEESMTDDKTTKIPCKSSPELEDTATSSKRRPRTRAQKVEVKEELLAVGKLTQTSGETTHTDKEPVGEGKGTKAFKQPAKRKLDAEDVIGSRRQPRAPKEKAQPLEDLASFQELSQTPGHTEELANGAADSFTSAPKQTPDSGKPLKISRRVLRAPKVEPVGDVVSTRDPVKSQSKSNTSLPPLPFKRGGGKDGSVTGTKRLRCMPAPEEIVEELPASKKQRVAPRARGKSSEPVVIMKRSLRTSAKRIEPAEELNSNDMKTNKEEHKLQDSVPENKGISLRSRRQNKTEAEQQITEVFVLAERIEINRNEKKPMKTSPEMDIQNPDDGARKPIPRDKVTENKRCLRSARQNESSQPKVAEESGGQKSAKVLMQNQKGKGEAGNSDSMCLRSRKTKSQPAASTLESKSVQRVTRSVKRCAENPKKAEDNVCVKKIRTRSHRDSEDI,3156,72.10375345,SLQNGRKXTEFPRKIREQEPARRVSRSSFSSDPDEKAQDSKAYSKITEGKVSGNPQVHIKNVKEDSTADDSKDSVAQGTTNVHSSEHAGRNGRNAADPISGDFKEISSVKLVSRYGELKSVPTTQCLDNSKKNESPFWKLYESVKKELDVKSQKENVLQYCRKSGLQTDYATEKESADGLQGETQLLVSRKSRPKSGGSGHAVAEPAXPEQELDQNKGKGRDVEXVQXPSKAVGASFPLYEPAKMKXPVQYSQQQNXPQKHKNKDLYTTGRRESVNLGKSEGFKAGDKTLTPRKLSTRNRXPAKVEDAADXATKPENLSSKTRGSIPTDVEVLPTETEIHNEPFLTLWLTQVERKIQKDSLSKPEKLGTTAGQMCSGLPGLSSVDINNFGDSINESEGIPLKRRRVSFGGHLRPELFDENLPPNXPLKRGEAPTKRKSLVMHXPPVLKKIIKEQPQPSGKQESGSEIHVEVKAQSLVIXPPAPXPRKTPVASDQRRRSCKTAPASSSKSQTEVPKRGGRKXGNLPSKRVSISRSQHDILQMICSKRRXGAXEANLIVAKSWADVVKLGAKQTQTKVIKHGPQRSMNKRQRRPATPKKPVGEVHSQFSTGHANSPCTIIIGKAHTEKVHVPARPYRVLNNFISNQKMDFKEDLSGIAEMFKXPVKEQPQLTSTCHIAISNSENLLGKQFQGTDSGEEPLLPTSESFGGNVFFSAQNAAKQPSDKCSASPPLRRQCIRENGNVAKTPRNTYKMTSLETKTSDTETEPSKTVSTANRSGRSTEFRNIQKLPVESKSEETNTEIVECILKRGQKATLLQQRREGEMKEIERPFETYKENIELKENDEKMKAMKRSRTWGQKCAPMSDLTDLKSLPDTELMKDTARGQNLLQTQDHAKAPKSEKGKITKMPCQSLQPEPINXPTHTKQQLKASLGKVGVKEELLAVGKFTRTSGETTHTHREPAGDGKSIRTFKEXPKQILDPAARVTGMKKWPRXPKEEAQSLEDLAGFKELFQXPGPSEESMTDEKTTKIACKXPPPESVDXPTSTKQWPKRSLRKADVEEEFLALRKLTPSAGKAMLTPKPAGGDEKDIKAFMGXPVQKLDLAGTLPGSKRQLQTPKEKAQALEDLAGFKELFQXPGHTEELVAAGKTTKIPCDXPQSDPVDXPTSTKQRPKRSIRKADVEGELLACRNLMPSAGKAMHXPKPSVGEEKDIIIFVGXPVQKLDLTENLTGXKRRPQTPKEEAQALEDLTGFKELFQXPGHTEEAVAAGKTTKMPCESXPPESADXPTSTRRQPKTPLEKRDVQKELSALKKLTQTSGETTHXDKVPGGEDKSINAFRETAKQKLDPAASVTGSKRHPKTKEKAQPLEDLAGLKELFQTPVCTDKPTTHEKTTKIACRSQPDPVDXPTSSKPQSKRSLRKVDVEEEFFALRKRTPSAGKAMHXPKPAVSGEKNIYAFMGXPVQKLDLTENLTGSKRRLQTPKEKAQALEDLAGFKELFQTRGHTEESMTNDKTAKVACKSSQPDPDKNPASSKRRLKTSLGKVGVKEELLAVGKLTQTSGETTHTHTEPTGDGKSMKAFMEXPKQILDSAASLTGSKRQLRTPKGKSEVPEDLAGFIELFQXPSHTKESMTNEKTTKVSYRASQPDLVDXPTSSKPQPKRSLRKADTEEEFLAFRKQTPSAGKAMHXPKPAVGEEKDINTFLGXPVQKLDQPGNLPGSNRRLQTRKEKAQALEELTGFRELFQXPCTDNPTTDEKTTKKILCKXPQSDPADXPTNTKQRPKRSLKKADVEEEFLAFRKLXPSAGKAMHXPKAAVGEEKDINTFVGXPVEKLDLLGNLPGXKRRPQXPKEKAKALEDLAGFKELFQXPGHTEESMTDDKITEVSCKXPQPDPVKTPTSSKQRLKISLGKVGVKEEVLPVGKLTQTSGKTTQTHRETAGDGKSIKAFKESAKQMLDPANYGTGMERWPRXPKEEAQSLEDLAGFKELFQXPDHXEESTTDDKTTKIACKXPPPESMDXPTSTRRRPKTPLGKRDIVEELSALKQLTQTTHTDKVPGDEDKGINVFRETAKQKLDPAASVTGSKRQPRTPKGKAQPLEDLAGLKELFQXPICTDKPTTHEKTTKIACRXPQPDPVGXPTIFKPQSKRSLRKADVEEESLALRKRXPSVGKAMDXPKPAGGDEKDMKAFMGXPVQKLDLPGNLPGSKRWPQTPKEKAQALEDLAGFKELFQXPGTDKPTTDEKTTKIACKXPQPDPVDXPASTKQRPKRNLRKADVEEEFLALRKRTPSAGKAMDXPKPAVSDEKNINTFVEXPVQKLDLLGNLPGSKRQPQXPKEKAEALEDLVGFKELFQXPGHTEESMTDDKITEVSCKXPQPESFKTSRSSKQRLKIPLVKVDMKEEPLAVSKLTRXSGETTQTHTEPXGDSKSIKAFKEXPKQILDPAASVTGSRRQLRTRKEKARALEDLVDFKELFSAPGHTEESMTIDKNTKIPCKXPPPELTDTATSTKRCPKTRPRKEVKEELSAVERLTQTSGQSTHTHKEPASGDEGIKVLKQRAKKKPNPVEEEPSRRRPRAPKEKAQPLEDLAGFTELSETSGHTQESLTAGKATKIPCEXPPLEVVDTTASTKRHLRTRVQKVQVKEEPSAVKFTQTSGETTDADKEPAGEDKGIKALKESAKQTPAPAASVTGSRRRPRAPRESAQAIEDLAGFKDPAAGHTEESMTDDKTTKIPCKSXPELEDTATSSKRRPRTRAQKVEVKEELLAVGKLTQTSGETTHTDKEPVGEGKGTKAFKQPAKRKLDAEDVIGSRRQPRAPKEKAQPLEDLASFQELSQTPGHTEELANGAADSFTSAPKQTPDSGKPLKISRRVLRAPKVEPVGDVVSTRDPVKSQSKSNTSLPPLPFKRGGGKDGSVTGTKRLRCMPAPEEIVEELPASKKQRVAPRARGKSSEPVVIMKRSLRTSAKRIEPAEELNSNDMKTNKEEHKLQDSVPENKGISLRSRRQNKTEAEQQITEVFVLAERIEINRNEKKPMKTXPEMDIQNPDDGARKPIPRDKVTENKRCLRSARQNESSQPKVAEESGGQKSAKVLMQNQKGKGEAGNSDSMCLRSRKTKSQPAASTLESKSVQRVTRSVKRCAENPKKAEDNVCVKKIRTRSHRDSEDI,3156,-6.037060034
ELYS,AKPYHLSTSSVFRLVSRPKPLSAVPKQVVTGTVLTRSVFINNVLSKIGEVWASKEPINSTTPFNSSKIEEPSPIVYSLPAPELPEAFFGTPISKASQKISRLLDLVVQPVPRPSQCSEFIQQSSMKSPLYLVSRSLPSSSQLKGSPQAISRASELHLLETPLVVKKAKSLAMSVTTSGFSEFTPQSILRSTLRSTPLASPSPSPGRSPQRLKETRISFVEEDVHPKWIPGAADDSKLEVFTTPKKCAVPVETEWLKSKDRTTSFFLNSPEKEHQEMDEGSQSLEKLDVSKGNSSVSITSDETTLEYQDAPSPEDLEETVFTASKPKSSSTALTTNVTEQTEKDGDKDVFASEVTPSDLQKQMGNLEDAETKDLLVAAEAFSELNHLSPVQGTEASLCAPSVYEGKIFTQKSKVPVLDEGLTSVETYTPAIRANDNKSMADVLGDGGNSSLTISEGPIVSERRLNQEVALNLKEDHEVEVGVLKESVDLPEEKLPISDSPPDTQEIHVIEQEKLEAQDSGEEARNLSFNELYPSGTLKLQYNFDTIDQQFCDLADNKDTAECDIAEVDGELFVAQSNFTLILEGEEGEVEPGDFASSDVLPKAANTATEEKLVCSGENDNHGQIANLPSAVTSDQKSQKVDTLPYVPEPIKVAIAENLLDVIKDTRSKEITSDTMEQSIHETIPLVSQNIMCPTKLVKSAFKTAQETSTMTMNVSQVDDVVSSKTRTRGQRIQNVNVKSAQQEASADVATPKMPGQSVRKKTRKAKEISEASENIYSDVRGLSQNQQIPQNSVTPRRGRRKKEVNQDILENTSSVEQELQITTGRESKRLKSSQLLEPAVEETTKKEVKVSSVTKRTPRRIKRSVENQESVEIINDLKVSTVTSPSRMIRKLRSTNLDASENTGNKQDDKSSDKQLRIKHVRRVRGREVSPSDVREDSNLESSQLTVQAEFDMSAIPRKRGRPRKINPSEDVGSKAVKEERSPKKKEAPSIRRRSTRNTPAKSENVDVGKPALGKSILVPNEELSMVMSSKKKLTKKTESQSQKRSLHSVSEERTDEMTHKETNEQEERLLATASFTKSSRSSRTRSSKAILLPDLSEPNNEPLFSPASEVPRKAKAKKIEVPAQLKELVSDLSSQFVISPPALRSRQKNTSNKNKLEDELKDDAQSVETLGKPKAKRIRTSKTKQASKNTEKESAWSPPPIEIRLISPLASPADGVKSKPRKTTEVTGTGLGRNRKKLSSYPKQILRRKML,1251,-19.52848086,AKPYHLSTSSVFRLVSRPKPLSAVPKQVVTGTVLTRSVFINNVLSKIGEVWASKEPINSTTPFNSSKIEEPSPIVYSLPAPELPEAFFGTPISKASQKISRLLDLVVQPVPRPSQCSEFIQQSSMKXPLYLVSRSLPSSSQLKGXPQAISRASELHLLEXPLVVKKAKSLAMSVTTSGFSEFTPQSILRSTLRSTPLAXPSPXPGRXPQRLKETRISFVEEDVHPKWIPGAADDSKLEVFTXPKKCAVPVETEWLKSKDRTTSFFLNXPEKEHQEMDEGSQSLEKLDVSKGNSSVSITSDETTLEYQDAPSPEDLEETVFTASKPKSSSTALTTNVTEQTEKDGDKDVFASEVXPSDLQKQMGNLEDAETKDLLVAAEAFSELNHLSPVQGTEASLCAPSVYEGKIFTQKSKVPVLDEGLTSVETYTPAIRANDNKSMADVLGDGGNSSLTISEGPIVSERRLNQEVALNLKEDHEVEVGVLKESVDLPEEKLPISDXPPDTQEIHVIEQEKLEAQDSGEEARNLSFNELYPSGTLKLQYNFDTIDQQFCDLADNKDTAECDIAEVDGELFVAQSNFTLILEGEEGEVEPGDFASSDVLPKAANTATEEKLVCSGENDNHGQIANLPSAVTSDQKSQKVDTLPYVPEPIKVAIAENLLDVIKDTRSKEITSDTMEQSIHETIPLVSQNIMCPTKLVKSAFKTAQETSTMTMNVSQVDDVVSSKTRTRGQRIQNVNVKSAQQEASADVATPKMPGQSVRKKTRKAKEISEASENIYSDVRGLSQNQQIPQNSVXPRRGRRKKEVNQDILENTSSVEQELQITTGRESKRLKSSQLLEPAVEETTKKEVKVSSVTKRTPRRIKRXVENQESVEIINDLKVSTVTXPSRMIRKLRSTNLDASENTGNKQDDKSSDKQLRIKHVRRVRGREVXPSDVREDSNLESSQLTVQAEFDMSAIPRKRGRPRKINPSEDVGSKAVKEERXPKKKEAPSIRRRSTRNTPAKSENVDVGKPALGKSILVPNEELSMVMSSKKKLTKKTESQSQKRSLHSVSEERTDEMTHKETNEQEERLLATASFTKSSRSSRTRSSKAILLPDLSEPNNEPLFXPASEVPRKAKAKKIEVPAQLKELVSDLSSQFVIXPPALRXRQKNTSNKNKLEDELKDDAQSVETLGKPKAKRIRTSKTKQASKNTEKESAWXPPPIEIRLIXPLAXPADGVKSKPRKTTEVTGTGLGRNRKKLSSYPKQILRRKML,1251,-8.537691315
CDT1,MEQRRVTDFFARRRPGPPRIAPPKLACRTPSPARPALRAPASATSGSRKRARPPAAPGRDQARPPARRRLRLSVDEVSSPSTPEAPDIPACPSPGQKIKKSTPAAGQPPHLTSA,114,5.027701769,MEQRRVTDFFARRRPGPPRIAPPKLACRXPXPARPALRAPASATSGSRKRARPPAAPGRDQARPPARRRLRLSVDEVSSPSTPEAPDIPACPXPGQKIKKSTPAAGQPPHLTSA,114,1.24574579
MCM4,MSSPASTPSRRGSRRGRATPAQTPRSEDARSSPSQRRRGEDSTSTGELQPMPTSPGVDLQSPAAQDVLFSSPPQMHSSAIPLDFDVSSPLTYGTPSSRVEGTPRSGVRGTPVRQRPDLGSAQKGLQVDLQSDGAAAEDIVASEQSLG,147,-1.463755007,MSSPASTPSRRGSRRGRAXPAQTPRSEDARSXPSQRRRGEDSTSTGELQPMPTXPGVDLQSPAAQDVLFSSPPQMHSSAIPLDFDVSSPLTYGTPSSRVEGXPRSGVRGXPVRQRPDLGSAQKGLQVDLQSDGAAAEDIVASEQSLG,147,0.839046266
MDC1,PFVSRGPLTVEETPRVQGETQPQRLLLAEDSEEEVDFLSERRMVKKSRTTSSSVIVPESDEEGHSPVLGGLGPPFAFNLNSDTDVEEGQQPATEEASSAARRGATVEAKQSEAEVVTEIQLEKDQPLVKERDNDTKVKRGAGNGVVPAGVILERSQPPGEDSDTDVDDDSRPPGRPAEVHLERAQPFGFIDSDTDAEEERIPATPVVIPMKKRKIFHGVGTRGPGAPGLAHLQESQAGSDTDVEEGKAPQAVPLEKSQASMVINSDTDDEEEVSAALTLAHLKESQPAIWNRDAEEDMPQRVVLLQRSQTTTERDSDTDVEEEELPVENREAVLKDHTKIRALVRAHSEKDQPPFGDSDDSVEADKSSPGIHLERSQASTTVDINTQVEKEVPPGSAIIHIKKHQVSVEGTNQTDVKAVGGPAKLLVVSLEEAWPLHGDCETDAEEGTSLTASVVADVRKSQLPAEGDAGAEWAAAVLKQERAHEVGAQGGPPVAQVEQDLPISRENLTDLVVDTDTLGESTQPQREGAQVPTGREREQHVGGTKDSEDNYGDSEDLDLQATQCFLENQGLEAVQSMEDEPTQAFMLTPPQELGPSHCSFQTTGTLDEPWEVLATQPFCLRESEDSETQPFDTHLEAYGPCLSPPRAIPGDQHPESPVHTEPMGIQGRGRQTVDKVMGIPKETAERVGPERGPLERETEKLLPERQTDVTGEEELTKGKQDREQKQLLARDTQRQESDKNGESASPERDRESLKVEIETSEEIQEKQVQKQTLPSKAFEREVERPVANRECDPAELEEKVPKVILERDTQRGEPEGGSQDQKGQASSPTPEPGVGAGDLPGPTSAPVPSGSQSGGRGSPVSPRRHQKGLLNCKMPPAEKASRIRAAEKVSRGDQESPDACLPPTVPEAPAPPQKPLNSQSQKHLAPPPLLSPLLPSIKPTVRKTRQDGSQEAPEAPLSSELEPFHPKPKIRTRKSSRMTPFPATSAAPEPHPSTSTAQPVTPKPTSQATRSRTNRSSVKTPEPVVPTAPELQPSTSTDQPVTSEPTSQVTRGRKSRSSVKTPETVVPTALELQPSTSTDRPVTSEPTSQATRGRKNRSSVKTPEPVVPTAPELQPSTSTDQPVTSEPTYQATRGRKNRSSVKTPEPVVPTAPELRPSTSTDRPVTPKPTSRTTRSRTNMSSVKTPETVVPTAPELQISTSTDQPVTPKPTSRTTRSRTNMSSVKNPESTVPIAPELPPSTSTEQPVTPEPTSRATRGRKNRSSGKTPETLVPTAPKLEPSTSTDQPVTPEPTSQATRGRTNRSSVKTPETVVPTAPELQPSTSTDQPVTPEPTSQATRGRTDRSSVKTPETVVPTAPELQASASTDQPVTSEPTSRTTRGRKNRSSVKTPETVVPAAPELQPSTSTDQPVTPEPTSRATRGRTNRSSVKTPESIVPIAPELQPSTSRNQLVTPEPTSRATRCRTNRSSVKTPEPVVPTAPEPHPTTSTDQPVTPKLTSRATRRKTNRSSVKTPKPVEPAASDLEPFTPTDQSVTPEAIAQGGQSKTLRSSTVRAMPVPTTPEFQSPVTTDQPISPEPITQPSCIKRQRAAGNPGSLAAPIDHKPCSAPLEPKSQASRNQRWGAVRAAESLTAIPEPASPQLLETPIHASQIQKVEPAGRSRFTPELQPKASQSRKRSLATMDSPPHQKQPQRGEVSQKTVIIKEEEEDTAEKPGKEEDVVTPKPGKRKRDQAEEEPNRIPSRSLRRTKLNQE,1752,-16.90936876,PFVSRGPLTVEETPRVQGETQPQRLLLAEDSEEEVDFLSERRMVKKSRTTSSSVIVPESDEEGHSPVLGGLGPPFAFNLNSDTDVEEGQQPATEEASSAARRGATVEAKQSEAEVVTEIQLEKDQPLVKERDNDTKVKRGAGNGVVPAGVILERSQPPGEDSDTDVDDDSRPPGRPAEVHLERAQPFGFIDSDTDAEEERIPAXPVVIPMKKRKIFHGVGTRGPGAPGLAHLQESQAGSDTDVEEGKAPQAVPLEKSQASMVINSDTDDEEEVSAALTLAHLKESQPAIWNRDAEEDMPQRVVLLQRSQTTTERDSDTDVEEEELPVENREAVLKDHTKIRALVRAHSEKDQPPFGDSDDSVEADKSXPGIHLERSQASTTVDINTQVEKEVPPGSAIIHIKKHQVSVEGTNQTDVKAVGGPAKLLVVSLEEAWPLHGDCETDAEEGTSLTASVVADVRKSQLPAEGDAGAEWAAAVLKQERAHEVGAQGGPPVAQVEQDLPISRENLTDLVVDTDTLGESTQPQREGAQVPTGREREQHVGGTKDSEDNYGDSEDLDLQATQCFLENQGLEAVQSMEDEPTQAFMLTPPQELGPSHCSFQTTGTLDEPWEVLATQPFCLRESEDSETQPFDTHLEAYGPCLXPPRAIPGDQHPEXPVHTEPMGIQGRGRQTVDKVMGIPKETAERVGPERGPLERETEKLLPERQTDVTGEEELTKGKQDREQKQLLARDTQRQESDKNGESASPERDRESLKVEIETSEEIQEKQVQKQTLPSKAFEREVERPVANRECDPAELEEKVPKVILERDTQRGEPEGGSQDQKGQASSPTPEPGVGAGDLPGPTSAPVPSGSQSGGRGSPVXPRRHQKGLLNCKMPPAEKASRIRAAEKVSRGDQEXPDACLPPTVPEAPAPPQKPLNSQSQKHLAPPPLLXPLLPSIKPTVRKTRQDGSQEAPEAPLSSELEPFHPKPKIRTRKSSRMTPFPATSAAPEPHPSTSTAQPVTPKPTSQATRSRTNRSSVKXPEPVVPTAPELQPSTSTDQPVTSEPTSQVTRGRKSRSSVKXPETVVPTALELQPSTSTDRPVTSEPTSQATRGRKNRSSVKXPEPVVPTAPELQPSTSTDQPVTSEPTYQATRGRKNRSSVKXPEPVVPTAPELRPSTSTDRPVXPKPTSRTTRSRTNMSSVKTPETVVPTAPELQISTSTDQPVTPKPTSRTTRSRTNMSSVKNPESTVPIAPELPPSTSTEQPVTPEPTSRATRGRKNRSSGKXPETLVPTAPKLEPSTSTDQPVXPEPTSQATRGRTNRSSVKTPETVVPTAPELQPSTSTDQPVXPEPTSQATRGRTDRSSVKTPETVVPTAPELQASASTDQPVTSEPTSRTTRGRKNRSSVKTPETVVPAAPELQPSTSTDQPVXPEPTSRATRGRTNRSSVKTPESIVPIAPELQPSTSRNQLVXPEPTSRATRCRTNRSSVKXPEPVVPTAPEPHPTTSTDQPVXPKLTSRATRRKTNRSSVKTPKPVEPAASDLEPFXPTDQSVXPEAIAQGGQSKTLRSSTVRAMPVPTXPEFQXPVTTDQPIXPEPITQPSCIKRQRAAGNPGSLAAPIDHKPCSAPLEPKSQASRNQRWGAVRAAESLTAIPEPASPQLLETPIHASQIQKVEPAGRSRFXPELQPKASQSRKRSLATMDXPPHQKQPQRGEVSQKTVIIKEEEEDTAEKPGKEEDVVXPKPGKRKRDQAEEEPNRIPSRSLRRTKLNQE,1752,49.36028279
TRCC1,DSMTQENKSPLLSVPFLSSARRSVSGSPESDELQELRTRSAKKRRKNALIRHKSIAEVSQNLRQIEIPKVSKRATKKENSHPAPQQPSQPVKDTVQEVTKVRRNLFNQELLSPSKRSLKRGLPRSHSVSAVDGLEDKLDNFKKNKGYHKLLTKSVAETPVHKQISKRLLHRQIKGRSSDPGPDIGVVEESPEKGDEISLRRSPRIKQLSFSRTHSASFYSVSQPKSRSVQRVHSFQQDKSDQRENSPVQSIRSPKSLLFGAMSEMISPSEKGSARMKKRSRNTLDSEVPAAYQTPKKSHQKSLSFSKTTPRRISHTPQTPLYTPERLQKSPAKMTPTKQAAFKESLKDSSSPGHDSPLDSKITPQKRHTQAGEGTSLETKTPRTPKRQGTQPPGFLPNCTWPHSVNSSPESPSCPAPPTSSTAQPRRECLTPIRDPLRTPPRAAAFMGTPQNQTHQQPHVLRAARAEEPAQKLKDKAIKTPKRPGNSTVTSSPPVTPKKLFTSPLCDVSKKSPFRKSKIECPSPGELDQKEPQMSPSVAASLSCPVPSTPPELSQRATLDTVPPPPPSKVGKRCRKTSDPRRSIVECQPDASATPGVGTADSPAAPTDSRDDQKGLSLSPQSPPERRGYPGPGLRSDWHASSPLLITSDTEHVTLLSEAEHHGIGDLKSNVLSVEEGEGLRTADAEKSSLSHPGIPPSPPSCGPGSPLMPSRDVHCTTDGRQCQASAQLDNLPASAWHSTDSASPQTYEVELEMQASGLPKLRIKKIDPSSSLEAEPLSKEESSLGEESFLPALSMPRASRSLSKPEPTYVSPPCPRLSHSTPGKSRGQTYICQACTPTHGPSSTPSPFQTDGVPWTPSPKHSGKTTPDIIKDWPRRKRAVGCGAGSSSGRGEVGADLPGSLSLLESEGKDHGLELSIHRTPILEDFELEGVCQLPDQSPPRNSMPKAEEASSWGQFGLSSRKRVLLAKEEADRGAKRICDLREDSEVSKSKEGSPSWSAWQLPSTGDEEVFVSGSTPPPSCAVRSCLSASALQALTQSPLLFQGKTPSSQSKDPRDEDVDVLPSTVEDSPFSRAFSRRRPISRTYTRKKLMGTWLEDL,1099,3.939807686,DSMTQENKXPLLSVPFLSSARRSVSGXPESDELQELRTRSAKKRRKNALIRHKSIAEVSQNLRQIEIPKVSKRATKKENSHPAPQQPSQPVKDTVQEVTKVRRNLFNQELLXPSKRSLKRGLPRSHSVSAVDGLEDKLDNFKKNKGYHKLLTKSVAEXPVHKQISKRLLHRQIKGRSSDPGPDIGVVEEXPEKGDEISLRRSPRIKQLSFSRTHSASFYSVSQPKSRSVQRVHSFQQDKSDQRENXPVQSIRSPKSLLFGAMSEMIXPSEKGSARMKKRSRNTLDSEVPAAYQXPKKSHQKSLSFSKTTPRRISHTPQTPLYXPERLQKXPAKMTPTKQAAFKESLKDSSSPGHDSPLDSKITPQKRHTQAGEGTSLETKTPRTPKRQGTQPPGFLPNCTWPHSVNSSPESPSCPAPPTSSTAQPRRECLTPIRDPLRTPPRAAAFMGTPQNQTHQQPHVLRAARAEEPAQKLKDKAIKTPKRPGNSTVTSXPPVXPKKLFTSPLCDVSKKSPFRKSKIECPSPGELDQKEPQMSPSVAASLSCPVPSTPPELSQRATLDTVPPPPPSKVGKRCRKTSDPRRSIVECQPDASATPGVGTADXPAAPTDSRDDQKGLSLSPQSPPERRGYPGPGLRSDWHASSPLLITSDTEHVTLLSEAEHHGIGDLKSNVLSVEEGEGLRTADAEKSSLSHPGIPPSPPSCGPGSPLMPSRDVHCTTDGRQCQASAQLDNLPASAWHSTDSASPQTYEVELEMQASGLPKLRIKKIDPSSSLEAEPLSKEESSLGEESFLPALSMPRASRSLSKPEPTYVSPPCPRLSHSTPGKSRGQTYICQACTPTHGPSSTPSPFQTDGVPWXPSPKHSGKTTPDIIKDWPRRKRAVGCGAGSSSGRGEVGADLPGSLSLLESEGKDHGLELSIHRTPILEDFELEGVCQLPDQSPPRNSMPKAEEASSWGQFGLSSRKRVLLAKEEADRGAKRICDLREDSEVSKSKEGSPSWSAWQLPSTGDEEVFVSGSTPPPSCAVRSCLSASALQALTQSPLLFQGKTPSSQSKDPRDEDVDVLPSTVEDSPFSRAFSRRRPISRTYTRKKLMGTWLEDL,1099,-3.177841748
SF3B1,MAKIAKTHEDIEAQIREIQGKKAALDEAQGVGLDSTGYYDQEIYGGSDSRFAGYVTSIAATELEDDDDDYSSSTSLLGQKKPGYHAPVALLNDIPQSTEQYDPFAEHRPPKIADREDEYKKHRRTMIISPERLDPFADGGKTPDPKMNARTYMDVMREQHLTKEEREIRQQLAEKAKAGELKVVNGAAASQPPSKRKRRWDQTADQTPGATPKKLSSWDQAETPGHTPSLRWDETPGRAKGSETPGATPGSKIWDPTPSHTPAGAATPGRGDTPGHATPGHGGATSSARKNRWDETPKTERDTPGHGSGWAETPRTDRGGDSIGETPTPGASKRKSRWDETPASQMGGSTPVLTPGKTPIGTPAMNMATPTPGHIMSMTPEQLQAWRWEREIDERNRPLSDEELDAMFPEGYKVLPPPAGYVPIRTPARKLTATPTPLGGMTGFHMQTEDRTMKSVNDQPS,461,-0.658996977,MAKIAKTHEDIEAQIREIQGKKAALDEAQGVGLDSTGYYDQEIYGGSDSRFAGYVTSIAATELEDDDDDYSSSTSLLGQKKPGYHAPVALLNDIPQSTEQYDPFAEHRPPKIADREDEYKKHRRTMIIXPERLDPFADGGKXPDPKMNARTYMDVMREQHLTKEEREIRQQLAEKAKAGELKVVNGAAASQPPSKRKRRWDQTADQTPGAXPKKLSSWDQAEXPGHXPSLRWDEXPGRAKGSEXPGAXPGSKIWDPXPSHXPAGAAXPGRGDXPGHAXPGHGGATSSARKNRWDEXPKTERDXPGHGSGWAEXPRTDRGGDSIGEXPXPGASKRKSRWDEXPASQMGGSXPVLXPGKTPIGTPAMNMATPTPGHIMSMTPEQLQAWRWEREIDERNRPLSDEELDAMFPEGYKVLPPPAGYVPIRXPARKLTAXPXPLGGMTGFHMQTEDRTMKSVNDQPS,461,34.83225921
SRRM2,ISDSYVDGSSFDPQRRAREAKQPAPEPPKPYSLVRESSSSRSPTPKQKKKKKKKDRGRRSESSSPRRERKKSSKKKKHRSESESKKRKHRSPTPKSKRKSKDKKRKRSRSTTPAPKSRRAHRSTSADSASSSDTSRSRSRSAAAKTHTTALAGRSPSPASGRRGEGDAPFSEPGTTSTQRPSSPETATKQPSSPYEDKDKDKKEKSATRPSPSPERSSTGPEPPAPTPLLAERHGGSPQPLATTPLSQEPVNPPSEASPTRDRSPPKSPEKLPQSSSSESSPPSPQPTKVSRHASSSPESPKPAPAPGSHREISSSPTSKNRSHGRAKRDKSHSHTPSRRMGRSRSPATAKRGRSRSRTPTKRGHSRSRSPQWRRSRSAQRWGRSRSPQRRGRSRSPQRPGWSRSRNTQRRGRSRSARRGRSHSRSPATRGRSRSRTPARRGRSRSRTPARRRSRSRTPTRRRSRSRTPARRGRSRSRTPARRRSRTRSPVRRRSRSRSPARRSGRSRSRTPARRGRSRSRTPARRGRSRSRTPARRSGRSRSRTPARRGRSRSRTPRRGRSRSRSLVRRGRSHSRTPQRRGRSGSSSERKNKSRTSQRRSRSNSSPEMKKSRISSRRSRSLSSPRSKAKSRLSLRRSLSGSSPCPKQKSQTPPRRSRSGSSQPKAKSRTPPRRSRSSSSPPPKQKSKTPSRQSHSSSSPHPKVKSGTPPRQGSITSPQANEQSVTPQRRSCFESSPDPELKSRTPSRHSCSGSSPPRVKSSTPPRQSPSRSSSPQPKVKAIISPRQRSHSGSSSPSPSRVTSRTTPRRSRSVSPCSNVESRLLPRYSHSGSSSPDTKVKPETPPRQSHSGSISPYPKVKAQTPPGPSLSGSKSPCPQEKSKDSLVQSCPGSLSLCAGVKSSTPPGESYFGVSSLQLKGQSQTSPDHRSDTSSPEVRQSHSESPSLQSKSQTSPKGGRSRSSSPVTELASRSPIRQDRGEFSASPMLKSGMSPEQSRFQSDSSSYPTVDSNSLLGQSRLETAESKEKMALPPQEDATASPPRQKDKFSPFPVQDRPESSLVFKDTLRTPPRERSGAGSSPETKEQNSALPTSSQDEELMEVVEKSEEPAGQILSHLSSELKEMSTSNFESSPEVEERPAVSLTLDQSQSQASLEAVEVPSMASSWGGPHFSPEHKELSNSPLRENSFGSPLEFRNSGPLGTEMNTGFSSEVKEDLNGPFLNQLETDPSLDMKEQSTRSSGHSSSELSPDAVEKAGMSSNQSISSPVLDAVPRTPSRERSSSASSPEMKDGLPRTPSRRSRSGSSPGLRDGSGTPSRHSLSGSSPGMKDIPRTPSRGRSECDSSPEPKALPQTPRPRSRSPSSPELNNKCLTPQRERSGSESSVDQKTVARTPLGQRSRSGSSQELDVKPSASPQERSESDSSPDSKAKTRTPLRQRSRSGSSPEVDSKSRLSPRRSRSGSSPEVKDKPRAAPRAQSGSDSSPEPKAPAPRALPRRSRSGSSSKGRGPSPEGSSSTESSPEHPPKSRTARRGSRSSPEPKTKSRTPPRRRSSRSSPELTRKARLSRRSRSASSSPETRSRTPPRHRRSPSVSSPEPAEKSRSSRRRRSASSPRTKTTSRRGRSPSPKPRGLQRSRSRSRREKTRTTRRRDRSGSSQSTSRRRQRSRSRSRVTRRRRGGSGYHSRSPARQESSRTSSRRRRGRSRTPPTSRKRSRSRTSPAPWKRSRSRASPATHRRSRSRTPLISRRRSRSRTSPVSRRRSRSRTSVTRRRSRSRASPVSRRRSRSRTPPVTRRRSRSRTPTTRRRSRSRTPPVTRRRSRSRTPPVTRRRSRSRTSPITRRRSRSRTSPVTRRRSRSRTSPVTRRRSRSRTSPVTRRRSRSRTPPAIRRRSRSRTPLLPRKRSRSRSPLAIRRRSRSRTPRTARGKRSLTRSPPAIRRRSASGSSSDRSRSATPPATRNHSGSRTPPVALNSSRMSCFSRPSMSPTPLDRCRSPGMLEPLGSSRTPMSVLQQAGGSMMDGPGPRIPDHQRTSVPENHAQSRIALALTAISLGTARPPPSMSAAGLAARMSQVPAPVPLMSLRTAPAANLASRIPAASAAAMNLASARTPAIPTAVNLADSRTPAAAAAMNLASPRTAVAPSAVNLADPRTPTAPAVNLAGARTPAALAALSLTGSGTPPTAANYPSSSRTPQAPASANLVGPRSAHATAPVNIAGSRTAAALAPASLTSARMAPALSGANLTSPRVPLSAYERVSGRTSPPLLDRARSRTPPSAPSQSRMTSERAPSPSSRMGQAPSQSLLPPAQDQPRSPVPSAFSDQSRCLIAQTTPVAGSQSLSSGAVATTTSSAGDHNGMLSVPAPGVPHSDVGEPPASTGAQQPSALAALQPAKERRSSSSSSSSSSSSSSSSSSSSSSSSSGSSSSDSEGSSLPVQPEVALKRVPSPTPAPKEAVREGRPPEPTPAKRKRRSSSSSSSSSSSSSSSSSSSSSSSSSSSSSSSSSSSSSSSSSSPSPAKPGPQALPKPASPKKPPPGERRSRSPRKPIDSLRDSRSLSYSPVERRRPSPQPSPRDQQSSSSERGSRRGQRGDSRSPSHKRRRETPSPRPMRHRSSRSP,2612,827.4624717,ISDSYVDGSSFDPQRRAREAKQPAPEPPKPYSLVRESSSSRSPTPKQKKKKKKKDRGRRSESSSPRRERKKSSKKKKHRSESESKKRKHRSPTPKSKRKSKDKKRKRSRSTTPAPKSRRAHRSTSADSASSSDTSRSRSRSAAAKTHTTALAGRXPXPASGRRGEGDAPFSEPGTTSTQRPSXPETATKQPSSPYEDKDKDKKEKSATRPXPXPERSSTGPEPPAPXPLLAERHGGXPQPLATXPLSQEPVNPPSEAXPTRDRXPPKXPEKLPQSSSSESSPPXPQPTKVSRHASSXPEXPKPAPAPGSHREISSSPTSKNRSHGRAKRDKSHSHTPSRRMGRSRXPATAKRGRSRSRTPTKRGHSRSRXPQWRRSRSAQRWGRSRSPQRRGRSRXPQRPGWSRSRNTQRRGRSRSARRGRSHSRSPATRGRSRSRTPARRGRSRSRTPARRRSRSRTPTRRRSRSRTPARRGRSRSRTPARRRSRTRSPVRRRSRSRSPARRSGRSRSRTPARRGRSRSRTPARRGRSRSRTPARRSGRSRSRTPARRGRSRSRTPRRGRSRSRSLVRRGRSHSRTPQRRGRSGSSSERKNKSRTSQRRSRSNSSPEMKKSRISSRRSRSLSSPRSKAKSRLSLRRSLSGSXPCPKQKSQTPPRRSRSGSSQPKAKSRTPPRRSRSSSSPPPKQKSKTPSRQSHSSSSPHPKVKSGTPPRQGSITXPQANEQSVXPQRRSCFESXPDPELKSRTPSRHSCSGSSPPRVKSSTPPRQXPSRSSSPQPKVKAIISPRQRSHSGSSXPSPSRVTSRTTPRRSRSVXPCSNVESRLLPRYSHSGSSXPDTKVKPEXPPRQSHSGSIXPYPKVKAQXPPGPSLSGSKXPCPQEKSKDSLVQSCPGSLSLCAGVKSSXPPGESYFGVSSLQLKGQSQTXPDHRSDTSXPEVRQSHSEXPSLQSKSQTSPKGGRSRSSXPVTELASRXPIRQDRGEFSAXPMLKSGMXPEQSRFQSDSSSYPTVDSNSLLGQSRLETAESKEKMALPPQEDATAXPPRQKDKFXPFPVQDRPESSLVFKDTLRXPPRERSGAGSXPETKEQNSALPTSSQDEELMEVVEKSEEPAGQILSHLSSELKEMSTSNFESXPEVEERPAVSLTLDQSQSQASLEAVEVPSMASSWGGPHFXPEHKELSNXPLRENSFGXPLEFRNSGPLGTEMNTGFSSEVKEDLNGPFLNQLETDPSLDMKEQSTRSSGHSSSELXPDAVEKAGMSSNQSISXPVLDAVPRXPSRERSSSASXPEMKDGLPRXPSRRSRSGSXPGLRDGSGXPSRHSLSGSXPGMKDIPRXPSRGRSECDSXPEPKALPQXPRPRSRXPSXPELNNKCLXPQRERSGSESSVDQKTVARXPLGQRSRSGSSQELDVKPSAXPQERSESDSSPDSKAKTRTPLRQRSRSGSXPEVDSKSRLSPRRSRSGSXPEVKDKPRAAPRAQSGSDSXPEPKAPAPRALPRRSRSGSSSKGRGPXPEGSSSTESXPEHPPKSRTARRGSRSSPEPKTKSRTPPRRRSSRSXPELTRKARLSRRSRSASSSPETRSRTPPRHRRXPSVSXPEPAEKSRSSRRRRSASSPRTKTTSRRGRXPXPKPRGLQRSRSRSRREKTRTTRRRDRSGSSQSTSRRRQRSRSRSRVTRRRRGGSGYHSRSPARQESSRTSSRRRRGRSRTPPTSRKRSRSRTXPAPWKRSRSRASPATHRRSRSRXPLISRRRSRSRTXPVSRRRSRSRTSVTRRRSRSRAXPVSRRRSRSRXPPVTRRRSRSRTPTTRRRSRSRXPPVTRRRSRSRXPPVTRRRSRSRTSPITRRRSRSRTSPVTRRRSRSRTXPVTRRRSRSRTXPVTRRRSRSRXPPAIRRRSRSRXPLLPRKRSRSRXPLAIRRRSRSRTPRTARGKRSLTRXPPAIRRRSASGSSSDRSRSAXPPATRNHSGSRXPPVALNSSRMSCFSRPSMXPTPLDRCRXPGMLEPLGSSRXPMSVLQQAGGSMMDGPGPRIPDHQRTSVPENHAQSRIALALTAISLGTARPPPSMSAAGLAARMSQVPAPVPLMSLRTAPAANLASRIPAASAAAMNLASARTPAIPTAVNLADSRTPAAAAAMNLAXPRTAVAPSAVNLADPRXPTAPAVNLAGARXPAALAALSLTGSGXPPTAANYPSSSRXPQAPASANLVGPRSAHATAPVNIAGSRTAAALAPASLTSARMAPALSGANLTXPRVPLSAYERVSGRTXPPLLDRARSRXPPSAPSQSRMTSERAPXPSSRMGQAPSQSLLPPAQDQPRXPVPSAFSDQSRCLIAQTTPVAGSQSLSSGAVATTTSSAGDHNGMLSVPAPGVPHSDVGEPPASTGAQQPSALAALQPAKERRSSSSSSSSSSSSSSSSSSSSSSSSSGSSSSDSEGSSLPVQPEVALKRVPXPTPAPKEAVREGRPPEPXPAKRKRRSSSSSSSSSSSSSSSSSSSSSSSSSSSSSSSSSSSSSSSSSSPSPAKPGPQALPKPAXPKKPPPGERRSRXPRKPIDSLRDSRSLSYXPVERRRPXPQPXPRDQQSSSSERGSRRGQRGDSRSPSHKRRREXPXPRPMRHRSSRSP,2612,141.9428538
,,,,,,
,,,,,,
KI-67_cons,IPCKSPQPDPVDTPTSTKQRPKTSLRKVDVKEELLAVRKLTQTSGETTHTPKPAVGEEKSIKAFKETPKQKLDPAASLTGSKRRPRTPKEKAQALEDLAGFKELFQTPGHTEESTTDEKT,120,-0.681883424,IPCKXPQPDPVDXPTSTKQRPKTSLRKVDVKEELLAVRKLTQXSGETXHXPKPAVGEEKSIKAFKEXPKQKLDPAAXLXGXKRRPRTPKEKAQALEDLAGFKELFQXPGHTEESTTDEKX,120,6.129
KI-67_cons_old7,IPCKSPQPDPVDTPTSTKQRPKTSLRKVDVKEELLAVRKLTQTSGETTHTPKPAVGEEKSIKAFKETPKQKLDPAASLTGSKRRPRTPKEKAQALEDLAGFKELFQTPGHTEESTTDEKT,120,-0.681883424,IPCKXPQPDPVDXPTSTKQRPKTSLRKVDVKEELLAVRKLXQTSGETTHXPKPAVGEEKSIKAFKEXPKQKLDPAASLTGSKRRPRXPKEKAQALEDLAGFKELFQXPGHTEESTTDEKT,120,1.269455975