NAME,Seq
R12_WT,KTTKIACKSPQPDPVDTPASTKQRPKRNLRKADVEEEFLALRKRTPSAGKAMDTPKPAVSDEKNINTFVETPVQKLDLLGNLPGSKRQPQTPKEKAEALEDLVGFKELFQTP
R12_pm9,KTTKIACKSPQPDPVDEPASTKQRPKRNLRKADVEEEFLALRKREPEAGKAMDEPKPAVSDEKNINEFVEEPVQKLDLLGNLPGEKRQPQEPKEKAEALEDLVGFKELFQEP
R12_pm9_2E,KTTKIACKSPQPDPVDEEPASTKQRPKRNLRKADVEEEFLALRKREEPEEAGKAMDEEPKPAVSDEKNINEEFVEEEPVQKLDLLGNLPGEEKRQPQEEPKEKAEALEDLVGFKELFQEEP
CBm1,KTTKIACKSPQPDPVDTPEEEKERPKRELRKEDVEEEFLALRKRTPSAGKAMDTPKPAVSDEKNINTFVETPVQKLDLLGNLPGSKRQPQTPKEKAEALEDLVGFKELFQTP
CBm2,KTTKIACKSPQPDPVDTPASTQQQPQQNLQQADVEEEFLALRKRTPSAGKAMDTPKPAVSDEKNINTFVETPVQKLDLLGNLPGSKRQPQTPKEKAEALEDLVGFKELFQTP
CBm3,KTTKIACKSPQPDPVDTPASTKQRPKRNLRKADVEEEFLALRKRTPSEEKEMDTPKPEVEDEKEIETFVETPVEKLDLLGNLPGSKRQPQTPKEKAEALEDLVGFKELFQTP
CBm4,KTTKIACKSPQPDPVDTPASTKQRPKRNLRKADVEEEFLALRKRTPSAGKAMDTPKPAVSDEKNINTFVETPVQKLDLLEELPESKREPETPKEKEEELEDLVEFKELFETP
CBm5,KTTKIACKSPQPDPVDTPASTKQRPEENLRKADVKKEFLALRERTPSAGKAMDTPKPAVSKEKNINTFVETPVQKLDLLGNLPGSERQPQTPKEKAEALEKLVGFKELFQTP
CBm6,KTTKIACKSPQPDPVKTPASTKQRPKRNLRKAKVKKKFLALEEETPSAGEAMDTPEPAVSDEKNINTFVETPVQKLDLLGNLPGSKRQPQTPKEKAEALEDLVGFKELFQTP
CBm7,KTTKIACKSPQPKPVKTPASTKQRPKRNLRKAKVKKKFLALRKRTPSAGKAMKTPKPAVSDEENINTFVETPVQELDLLGNLPGSEEQPQTPEEEAEALEDLVGFEELFQTP
CBm8,KTTKIACKSPQPKPVKTPASTKQRPKRNLREADVEEEFLALEERTPSAGKAMKTPKPAVSKKKNINTFVKTPVQKLKLLGNLPGSKEQPQTPEEEAEALEDLVGFEELFQTP
CBm9,KTTKIACKSPQPDPVDTPASEKERPKRELRKADVEEEFLALRKRTPSEEKAMDTPKPAVSDEKNINTFVETPVQKLDLLGNLPGSKRQPQTPKEKAEALEDLVGFKELFQTP
CBm10,KTTKIACKSPQPDPVDTPASTKQRPKRNLRKADVEEEFLALRKRTPSAGKAMDTPKPAVSDEKNINTFVETPVEKLDLLGELPESKREPETPKEKAEALEDLVGFKELFQTP
CBm11,KTTKIACKSPQPKPVKTPASTKQRPKRNLRKAKVKKKFLALRKRTPSAGEEMETPKPAVSDEENINTFVETPVQELDLLGNLPGSEEQPQTPEEEAEALEDLVGFEELFQTP
CBm12,KTTKIACKSPQPKPVKTPASTKQRPKRNLREADVEEEFLALEERTPSAEEAMDTPKPAVSKKKNINTFVKTPVQKLKLLGNLPGSKEQPQTPEEEAEALEDLVGFEELFQTP
CBm13,KTTKIACKSPEPDPVDTPASEKERPKREERKADVEEEFLALRKRTPSEEKAMDTPKPAVSDEKNINTFVETPVQKLDLLGELPGSKRQPETPKEKAEALEDLVGFKELFQTP
CBm14,KTTKIACKSPQPDPVDTPASTKQRPKRNLRKADVEEEFLALRKRTPSAGKAMDTPKPAVSDEKEIETFVETPVEKLDLLGELPESKREPETPKEKEEELEDLVGFKELFQTP
CBm15,KTTKIACKSPQPKPVKTPASTKQRPKRNLRKAKVKKKFLALRKRTPSAGKAMDTPKPAVSDEKEIETFVETPVEELDLLGELPESEEEPETPEEEEEELEDLVGFEELFQTP
CBm16,KTTKIACKSPQPKPVKTPASTKQRPKRNLREADVEEEFLELEERTPSAEEEMDTPKPAVSKKKNINTFVKTPVQKLKLLGNLPESKEEPQTPEEEAEALEDLVGFEELFQTP
R7_WT,KTTKVSYRASQPDLVDTPTSSKPQPKRSLRKADTEEEFLAFRKQTPSAGKAMHTPKPAVGEEKDINTFLGTPVQKLDQPGNLPGSNRRLQTRKEKAQALEELTGFRELFQTP
R7_Pm,KTTKVSYRAEQPDLVDEPTSSKPQPKRSLRKADTEEEFLAFRKQEPSAGKAMHEPKPAVGEEKDINTFLGEPVQKLDQPGNLPGENRRLQTRKEKAQALEELTGFRELFQEP
R7_Pm_2E,KTTKVSYRAEEQPDLVDEEPTSSKPQPKRSLRKADTEEEFLAFRKQEEPSAGKAMHEEPKPAVGEEKDINTFLGEEPVQKLDQPGNLPGSNRRLQTRKEKAQALEELTGFRELFQEEP